{
  "accuracy": 0.784375,
  "roc_auc": 0.8747988539581615
}